{
    "time": 43.3062482380867,
    "mAP": 0.3937417268753052,
    "NDCG": 0.5638930797576904
}