{
    "time": 42.91339161624647,
    "mAP": 0.3828521966934204,
    "NDCG": 0.5681277513504028
}