{
    "time": 4343.114560842514,
    "mAP": 0.39198005199432373,
    "NDCG": 0.5664414167404175
}