{
    "time": 0.003706300243114432,
    "mAP": 0.34379175305366516,
    "NDCG": 0.4802101254463196
}